<?xml version="1.0" encoding="UTF-8" standalone="yes"?>
<manifest>
  <control namespace="PCF.MKOS" constructor="TreeGrid" version="0.0.97" display-name-key="TreeGrid" description-key="Displays a heirarchical grid as a tree" control-type="standard" api-version="1.1.0">
    <data-set name="tableGrid" display-name-key="Table Grid"/>
    <property name="treeEntityName" display-name-key="Tree Entity Name" description-key="Tree Entity Name" of-type="SingleLine.Text" usage="input" required="false"/>
    <property name="treeNodeParentAttribute" display-name-key="Tree Parent Lookup Attribute" description-key="Parent Attribute Field Name" of-type="SingleLine.Text" usage="input" required="false"/>
    <property name="treeNodeRootAttribute" display-name-key="Tree Root Attribute" description-key="Root Attribute Field Name" of-type="SingleLine.Text" usage="input" required="false"/>
    <property name="treeNodeNameAttribute" display-name-key="Tree Node Name Attribute" description-key="Tree Node Name Attribute" of-type="SingleLine.Text" usage="input" required="false"/>
    <resources>
      <code path="bundle.js" order="1"/>
      <css path="resources/jstree.style.min.css" order="2"/>
      <img path="resources/40px.png"/>
      <img path="resources/32px.png"/>
      <img path="resources/throbber.gif"/>
    </resources>
    <feature-usage>
      <uses-feature name="WebAPI" required="true"/>
    </feature-usage>
    <built-by name="pac" version="0.4.3"/>
  </control>
</manifest>